response,review,model,hamming_distance,levenshtein_distance,bert_metric,jaccard_distance,needleman_wunsch_distance,smith_waterman_distance
"```json
{
    ""product_category"": ""Electric bicycle"",
    ""product_attributes"": [
        ""Battery performance"",
        ""Speed limit"",
        ""Range""
    ],
    ""other_keywords"": [
        ""calm driving"",
        ""30 km/h"",
        ""60-70km""
    ]
}
```","{'review_content': 'The main thing: on the battery itself, driving calmly, not exceeding 30 km/h, you can do 60-70km.', 'golden_answer': {'product_category': 'Electic bicycle', 'product_attributes': ['battery', 'calmly', '30 km/h', '60-70km'], 'other_keywords': ['battery', 'calmly']}}",Qwen/Qwen2.5-7B-Instruct,71.0,51.0,0.885455310344696,0.33333333333333337,43.0,43.0
"```json
{
        ""product_category"": ""Electric bicycle"",
        ""product_attributes"": [
            ""Looks like in the pictures"",
            ""Comes with accessories"",
            ""Perfect ride"",
            ""Feels powerful""
        ],
        ""other_keywords"": [
            ""sensational"",
            ""battery range"",
            ""first ride""
        ]
}
```","{'review_content': 'Super contact, the bike looks like in the pictures plus accessories, the first sensational ride, I do not yet know what range on the battery but you ride perfectly, feel the power.', 'golden_answer': {'product_category': 'Electic bicycle', 'product_attributes': ['contact', 'bike', 'pictures', 'accessories', 'sensational', 'ride', 'range', 'battery', 'ride', 'power'], 'other_keywords': ['battery', 'accessories', 'sensational', 'super', 'power']}}",Qwen/Qwen2.5-7B-Instruct,112.0,85.0,0.8517331480979919,0.2592592592592593,77.0,77.0
"```json
{
        ""product_category"": {
            ""type"": ""string"",
            ""enum"": [""Electric bicycle"", ""Refrigirator"", ""The Blocks"", ""Others""],
            ""value"": ""Electric bicycle""
        },
        ""product_attributes"": {
            ""type"": ""array"",
            ""items"": {
                ""type"": ""string""
            },
            ""value"": [""Great""]
        },
        ""other_keywords"": {
            ""type"": ""array"",
            ""items"": {
                ""type"": ""string""
            },
            ""value"": [""We'll see"", ""works"", ""okay""]
        }
}
```","{'review_content': ""The bike is great. We'll see how it works, but I think it'll be okay"", 'golden_answer': {'product_category': 'Electic bicycle', 'product_attributes': ['bike', 'great', 'works', 'okay'], 'other_keywords': ['great', 'okay']}}",Qwen/Qwen2.5-7B-Instruct,47.0,38.0,0.8066446781158447,0.5238095238095238,16.0,16.0
"```json
{
        ""product_category"": {
            ""type"": ""Refrigerator""
        },
        ""product_attributes"": [
            ""Super"",
            ""Keeps fruits and vegetables fresh for longer""
        ],
        ""other_keywords"": [
            ""works as described"",
            ""recommend""
        ]
}
```","{'review_content': 'Super refrigerator and actually it works fruits and vegetables can fly much longer while keeping fresh as it works in the description I recommend', 'golden_answer': {'product_category': 'Refrigirator', 'product_attributes': ['refrigerator', 'fruits', 'vegetables', 'fresh', 'description', 'recommend'], 'other_keywords': ['super', 'fresh', 'recommend']}}",Qwen/Qwen2.5-7B-Instruct,77.0,43.0,0.8356834650039673,0.16000000000000003,60.0,60.0
"```json
{
        ""product_category"": {
            ""type"": ""Refrigerator""
        },
        ""product_attributes"": [
            ""capauous"",
            ""super muted"",
            ""advertised"",
            ""Korean manufacturer"",
            ""beats on the head""
        ],
        ""other_keywords"": [
            ""Very"",
            ""legated"",
            ""refrigerators""
        ]
}
```","{'review_content': 'Very capauous refrigerator, super muted advertised refrigerators of the legated Korean manufacturer beats on the head!', 'golden_answer': {'product_category': 'Refrigirator', 'product_attributes': ['refrigerator', 'capauous', 'muted', 'Korean'], 'other_keywords': ['capauous', 'muted', 'Korean']}}",Qwen/Qwen2.5-7B-Instruct,93.0,72.0,0.8265184760093689,0.25,47.0,47.0
"```json
{
        ""product_category"": {
            ""type"": ""Refrigerator""
        },
        ""product_attributes"": [
            ""recently purchased"",
            ""currently not recommended""
        ],
        ""other_keywords"": [
            ""recently"",
            ""for now""
        ]
}
```","{'review_content': ""I've had the Refrigerator recently, but for now, I can only recommend it."", 'golden_answer': {'product_category': 'Refrigirator', 'product_attributes': ['Refrigerator', 'recommend'], 'other_keywords': ['recently', 'recommend']}}",Qwen/Qwen2.5-7B-Instruct,59.0,37.0,0.8612265586853027,0.23809523809523814,40.0,40.0
"```json
{
        ""product_category"": ""The Blocks"",
        ""product_attributes"": [
            ""architecture"",
            ""impressive""
        ],
        ""other_keywords"": [
            ""folding""
        ]
}
```","{'review_content': 'The whole series of architecture is great, it makes an impression after folding.', 'golden_answer': {'product_category': 'The Blocks', 'product_attributes': ['series', 'architecture', 'great', 'impression', 'folding'], 'other_keywords': ['great', 'impression']}}",Qwen/Qwen2.5-7B-Instruct,60.0,32.0,0.8964154720306396,0.045454545454545414,40.0,40.0
"```json
{
        ""product_category"": {
            ""type"": ""string"",
            ""enum"": [""The Blocks""]
        },
        ""product_attributes"": [
            ""Many elements are movable"",
            ""Refined"",
            ""Aesthetic""
        ],
        ""other_keywords"": [
            ""Great LEGO bricks"",
            ""I really recommend it""
        ]
}
```","{'review_content': 'Great LEGO bricks. Many elements are movable, everything is refined and aesthetic. I really recommend it.', 'golden_answer': {'product_category': 'The Blocks', 'product_attributes': ['LEGO bricks', 'movable', 'refined', 'aesthetic', 'recommend'], 'other_keywords': ['movable', 'refined', 'aesthetic', 'recommend']}}",Qwen/Qwen2.5-7B-Instruct,93.0,57.0,0.8413389921188354,0.2666666666666667,48.0,48.0
"```json
{
        ""product_category"": {
            ""type"": ""string"",
            ""value"": ""The Blocks""
        },
        ""product_attributes"": [
            ""super set"",
            ""super two models"",
            ""large number of blocks"",
            ""detail and mapping at the highest level""
        ],
        ""other_keywords"": [
            ""son is pleased""
        ]
}
```","{'review_content': 'Super set with super two models. A large number of blocks. Detail and mapping at the highest level. The son is pleased.', 'golden_answer': {'product_category': 'The Blocks', 'product_attributes': ['set', 'models', 'large', 'blocks', 'detail', 'mapping', 'highest', 'pleased'], 'other_keywords': ['super', 'large', 'highest', 'pleased']}}",Qwen/Qwen2.5-7B-Instruct,108.0,60.0,0.8804134726524353,0.20833333333333337,67.0,67.0
"outine
outine
outine
outine
outine
outine
outine
outine
outine
outine
outine
outine
outine
outine
outine
outine
outine
outine
outine
outine
outine
outine
outine
outine
outine
outine
outine
outine
outine
outine
outine
outine
outine
outine
outine
outine
outine
outine
outine
outine
outine
outine
outine
outine
outine
outine
outine
outine
outine
outine
outine
outine
outine
outine
outine
outine
outine
outine
outine
outine
outine
outine
outine
outine
outine
outine
outine
outine
outine
outine
outine
outine
outine
outine
outine
outine
outine
outine
outine
outine
outine
outine
outine
outine
outine
outine
outine
outine
outine
outine
outine
outine
outine
outine
outine
outine
outine
outine
outine
outine
outine
outine
outine
outine
outine
outine
outine
outine
outine
outine
outine
outine
outine
outine
outine
outine
outine
outine
outine
outine
outine
outine
outine
outine
outine
outine
outine
outine
","{'review_content': 'The main thing: on the battery itself, driving calmly, not exceeding 30 km/h, you can do 60-70km.', 'golden_answer': {'product_category': 'Electic bicycle', 'product_attributes': ['battery', 'calmly', '30 km/h', '60-70km'], 'other_keywords': ['battery', 'calmly']}}",Qwen/Qwen2.5-1.5B,,,,,,
"outine
outine
outine
outine
outine
outine
outine
outine
outine
outine
outine
outine
outine
outine
outine
outine
outine
outine
outine
outine
outine
outine
outine
outine
outine
outine
outine
outine
outine
outine
outine
outine
outine
outine
outine
outine
outine
outine
outine
outine
outine
outine
outine
outine
outine
outine
outine
outine
outine
outine
outine
outine
outine
outine
outine
outine
outine
outine
outine
outine
outine
outine
outine
outine
outine
outine
outine
outine
outine
outine
outine
outine
outine
outine
outine
outine
outine
outine
outine
outine
outine
outine
outine
outine
outine
outine
outine
outine
outine
outine
outine
outine
outine
outine
outine
outine
outine
outine
outine
outine
outine
outine
outine
outine
outine
outine
outine
outine
outine
outine
outine
outine
outine
outine
outine
outine
outine
outine
outine
outine
outine
outine
outine
outine
outine
outine
outine
outine
","{'review_content': 'Super contact, the bike looks like in the pictures plus accessories, the first sensational ride, I do not yet know what range on the battery but you ride perfectly, feel the power.', 'golden_answer': {'product_category': 'Electic bicycle', 'product_attributes': ['contact', 'bike', 'pictures', 'accessories', 'sensational', 'ride', 'range', 'battery', 'ride', 'power'], 'other_keywords': ['battery', 'accessories', 'sensational', 'super', 'power']}}",Qwen/Qwen2.5-1.5B,,,,,,
"outine
outine
outine
outine
outine
outine
outine
outine
outine
outine
outine
outine
outine
outine
outine
outine
outine
outine
outine
outine
outine
outine
outine
outine
outine
outine
outine
outine
outine
outine
outine
outine
outine
outine
outine
outine
outine
outine
outine
outine
outine
outine
outine
outine
outine
outine
outine
outine
outine
outine
outine
outine
outine
outine
outine
outine
outine
outine
outine
outine
outine
outine
outine
outine
outine
outine
outine
outine
outine
outine
outine
outine
outine
outine
outine
outine
outine
outine
outine
outine
outine
outine
outine
outine
outine
outine
outine
outine
outine
outine
outine
outine
outine
outine
outine
outine
outine
outine
outine
outine
outine
outine
outine
outine
outine
outine
outine
outine
outine
outine
outine
outine
outine
outine
outine
outine
outine
outine
outine
outine
outine
outine
outine
outine
outine
outine
outine
outine
","{'review_content': ""The bike is great. We'll see how it works, but I think it'll be okay"", 'golden_answer': {'product_category': 'Electic bicycle', 'product_attributes': ['bike', 'great', 'works', 'okay'], 'other_keywords': ['great', 'okay']}}",Qwen/Qwen2.5-1.5B,,,,,,
"outine
outine
outine
outine
outine
outine
outine
outine
outine
outine
outine
outine
outine
outine
outine
outine
outine
outine
outine
outine
outine
outine
outine
outine
outine
outine
outine
outine
outine
outine
outine
outine
outine
outine
outine
outine
outine
outine
outine
outine
outine
outine
outine
outine
outine
outine
outine
outine
outine
outine
outine
outine
outine
outine
outine
outine
outine
outine
outine
outine
outine
outine
outine
outine
outine
outine
outine
outine
outine
outine
outine
outine
outine
outine
outine
outine
outine
outine
outine
outine
outine
outine
outine
outine
outine
outine
outine
outine
outine
outine
outine
outine
outine
outine
outine
outine
outine
outine
outine
outine
outine
outine
outine
outine
outine
outine
outine
outine
outine
outine
outine
outine
outine
outine
outine
outine
outine
outine
outine
outine
outine
outine
outine
outine
outine
outine
outine
outine
","{'review_content': 'Super refrigerator and actually it works fruits and vegetables can fly much longer while keeping fresh as it works in the description I recommend', 'golden_answer': {'product_category': 'Refrigirator', 'product_attributes': ['refrigerator', 'fruits', 'vegetables', 'fresh', 'description', 'recommend'], 'other_keywords': ['super', 'fresh', 'recommend']}}",Qwen/Qwen2.5-1.5B,,,,,,
"outine
outine
outine
outine
outine
outine
outine
outine
outine
outine
outine
outine
outine
outine
outine
outine
outine
outine
outine
outine
outine
outine
outine
outine
outine
outine
outine
outine
outine
outine
outine
outine
outine
outine
outine
outine
outine
outine
outine
outine
outine
outine
outine
outine
outine
outine
outine
outine
outine
outine
outine
outine
outine
outine
outine
outine
outine
outine
outine
outine
outine
outine
outine
outine
outine
outine
outine
outine
outine
outine
outine
outine
outine
outine
outine
outine
outine
outine
outine
outine
outine
outine
outine
outine
outine
outine
outine
outine
outine
outine
outine
outine
outine
outine
outine
outine
outine
outine
outine
outine
outine
outine
outine
outine
outine
outine
outine
outine
outine
outine
outine
outine
outine
outine
outine
outine
outine
outine
outine
outine
outine
outine
outine
outine
outine
outine
outine
outine
","{'review_content': 'Very capauous refrigerator, super muted advertised refrigerators of the legated Korean manufacturer beats on the head!', 'golden_answer': {'product_category': 'Refrigirator', 'product_attributes': ['refrigerator', 'capauous', 'muted', 'Korean'], 'other_keywords': ['capauous', 'muted', 'Korean']}}",Qwen/Qwen2.5-1.5B,,,,,,
"outine
outine
outine
outine
outine
outine
outine
outine
outine
outine
outine
outine
outine
outine
outine
outine
outine
outine
outine
outine
outine
outine
outine
outine
outine
outine
outine
outine
outine
outine
outine
outine
outine
outine
outine
outine
outine
outine
outine
outine
outine
outine
outine
outine
outine
outine
outine
outine
outine
outine
outine
outine
outine
outine
outine
outine
outine
outine
outine
outine
outine
outine
outine
outine
outine
outine
outine
outine
outine
outine
outine
outine
outine
outine
outine
outine
outine
outine
outine
outine
outine
outine
outine
outine
outine
outine
outine
outine
outine
outine
outine
outine
outine
outine
outine
outine
outine
outine
outine
outine
outine
outine
outine
outine
outine
outine
outine
outine
outine
outine
outine
outine
outine
outine
outine
outine
outine
outine
outine
outine
outine
outine
outine
outine
outine
outine
outine
outine
","{'review_content': ""I've had the Refrigerator recently, but for now, I can only recommend it."", 'golden_answer': {'product_category': 'Refrigirator', 'product_attributes': ['Refrigerator', 'recommend'], 'other_keywords': ['recently', 'recommend']}}",Qwen/Qwen2.5-1.5B,,,,,,
"outine
outine
outine
outine
outine
outine
outine
outine
outine
outine
outine
outine
outine
outine
outine
outine
outine
outine
outine
outine
outine
outine
outine
outine
outine
outine
outine
outine
outine
outine
outine
outine
outine
outine
outine
outine
outine
outine
outine
outine
outine
outine
outine
outine
outine
outine
outine
outine
outine
outine
outine
outine
outine
outine
outine
outine
outine
outine
outine
outine
outine
outine
outine
outine
outine
outine
outine
outine
outine
outine
outine
outine
outine
outine
outine
outine
outine
outine
outine
outine
outine
outine
outine
outine
outine
outine
outine
outine
outine
outine
outine
outine
outine
outine
outine
outine
outine
outine
outine
outine
outine
outine
outine
outine
outine
outine
outine
outine
outine
outine
outine
outine
outine
outine
outine
outine
outine
outine
outine
outine
outine
outine
outine
outine
outine
outine
outine
outine
","{'review_content': 'The whole series of architecture is great, it makes an impression after folding.', 'golden_answer': {'product_category': 'The Blocks', 'product_attributes': ['series', 'architecture', 'great', 'impression', 'folding'], 'other_keywords': ['great', 'impression']}}",Qwen/Qwen2.5-1.5B,,,,,,
"outine
outine
outine
outine
outine
outine
outine
outine
outine
outine
outine
outine
outine
outine
outine
outine
outine
outine
outine
outine
outine
outine
outine
outine
outine
outine
outine
outine
outine
outine
outine
outine
outine
outine
outine
outine
outine
outine
outine
outine
outine
outine
outine
outine
outine
outine
outine
outine
outine
outine
outine
outine
outine
outine
outine
outine
outine
outine
outine
outine
outine
outine
outine
outine
outine
outine
outine
outine
outine
outine
outine
outine
outine
outine
outine
outine
outine
outine
outine
outine
outine
outine
outine
outine
outine
outine
outine
outine
outine
outine
outine
outine
outine
outine
outine
outine
outine
outine
outine
outine
outine
outine
outine
outine
outine
outine
outine
outine
outine
outine
outine
outine
outine
outine
outine
outine
outine
outine
outine
outine
outine
outine
outine
outine
outine
outine
outine
outine
","{'review_content': 'Great LEGO bricks. Many elements are movable, everything is refined and aesthetic. I really recommend it.', 'golden_answer': {'product_category': 'The Blocks', 'product_attributes': ['LEGO bricks', 'movable', 'refined', 'aesthetic', 'recommend'], 'other_keywords': ['movable', 'refined', 'aesthetic', 'recommend']}}",Qwen/Qwen2.5-1.5B,,,,,,
"outine
outine
outine
outine
outine
outine
outine
outine
outine
outine
outine
outine
outine
outine
outine
outine
outine
outine
outine
outine
outine
outine
outine
outine
outine
outine
outine
outine
outine
outine
outine
outine
outine
outine
outine
outine
outine
outine
outine
outine
outine
outine
outine
outine
outine
outine
outine
outine
outine
outine
outine
outine
outine
outine
outine
outine
outine
outine
outine
outine
outine
outine
outine
outine
outine
outine
outine
outine
outine
outine
outine
outine
outine
outine
outine
outine
outine
outine
outine
outine
outine
outine
outine
outine
outine
outine
outine
outine
outine
outine
outine
outine
outine
outine
outine
outine
outine
outine
outine
outine
outine
outine
outine
outine
outine
outine
outine
outine
outine
outine
outine
outine
outine
outine
outine
outine
outine
outine
outine
outine
outine
outine
outine
outine
outine
outine
outine
outine
","{'review_content': 'Super set with super two models. A large number of blocks. Detail and mapping at the highest level. The son is pleased.', 'golden_answer': {'product_category': 'The Blocks', 'product_attributes': ['set', 'models', 'large', 'blocks', 'detail', 'mapping', 'highest', 'pleased'], 'other_keywords': ['super', 'large', 'highest', 'pleased']}}",Qwen/Qwen2.5-1.5B,,,,,,
"```json
{
        ""product_category"": ""Electric bicycle"",
        ""product_attributes"": [
            ""Battery life""
        ],
        ""other_keywords"": [
            ""Driving range"",
            ""30 km/h"",
            ""60-70 km""
        ]
}
``` 
","{'review_content': 'The main thing: on the battery itself, driving calmly, not exceeding 30 km/h, you can do 60-70km.', 'golden_answer': {'product_category': 'Electic bicycle', 'product_attributes': ['battery', 'calmly', '30 km/h', '60-70km'], 'other_keywords': ['battery', 'calmly']}}",google/gemma-2-2b-it,54.0,35.0,0.9031684398651123,0.23076923076923073,40.0,40.0
"```json
{
        ""product_category"": ""Electric bicycle"",
        ""product_attributes"": [
            ""Super contact""
        ],
        ""other_keywords"": [
            ""sensational ride"",
            ""power"",
            ""accessories""
        ]
}
``` 
","{'review_content': 'Super contact, the bike looks like in the pictures plus accessories, the first sensational ride, I do not yet know what range on the battery but you ride perfectly, feel the power.', 'golden_answer': {'product_category': 'Electic bicycle', 'product_attributes': ['contact', 'bike', 'pictures', 'accessories', 'sensational', 'ride', 'range', 'battery', 'ride', 'power'], 'other_keywords': ['battery', 'accessories', 'sensational', 'super', 'power']}}",google/gemma-2-2b-it,128.0,81.0,0.8923267722129822,0.1428571428571429,58.0,58.0
"```json
{
  ""product_category"": ""Others"",
  ""product_attributes"": [
    ""bike""
  ],
  ""other_keywords"": [
    ""great"",
    ""okay""
  ]
}
``` 
","{'review_content': ""The bike is great. We'll see how it works, but I think it'll be okay"", 'golden_answer': {'product_category': 'Electic bicycle', 'product_attributes': ['bike', 'great', 'works', 'okay'], 'other_keywords': ['great', 'okay']}}",google/gemma-2-2b-it,47.0,31.0,0.9070877432823181,0.33333333333333337,18.0,18.0
"```json
{
        ""product_category"": ""Refrigirator"",
        ""product_attributes"": [
            ""Super refrigerator""
        ],
        ""other_keywords"": [
            ""fruits and vegetables"",
            ""fly much longer"",
            ""keeping fresh"",
            ""works in the description""
        ]
}
``` 
","{'review_content': 'Super refrigerator and actually it works fruits and vegetables can fly much longer while keeping fresh as it works in the description I recommend', 'golden_answer': {'product_category': 'Refrigirator', 'product_attributes': ['refrigerator', 'fruits', 'vegetables', 'fresh', 'description', 'recommend'], 'other_keywords': ['super', 'fresh', 'recommend']}}",google/gemma-2-2b-it,84.0,54.0,0.8761114478111267,0.16000000000000003,65.0,65.0
"```json
{
        ""product_category"": ""Refrigirator"",
        ""product_attributes"": [
            ""capauous""
        ],
        ""other_keywords"": [
            ""super muted"",
            ""advertised refrigerators"",
            ""legated Korean manufacturer""
        ]
}
``` 
","{'review_content': 'Very capauous refrigerator, super muted advertised refrigerators of the legated Korean manufacturer beats on the head!', 'golden_answer': {'product_category': 'Refrigirator', 'product_attributes': ['refrigerator', 'capauous', 'muted', 'Korean'], 'other_keywords': ['capauous', 'muted', 'Korean']}}",google/gemma-2-2b-it,72.0,53.0,0.8730554580688477,0.09999999999999998,45.0,45.0
"```json
{
  ""product_category"": ""Refrigirator"",
  ""product_attributes"": [
    ""Refrigerator""
  ],
  ""other_keywords"": [
    ""recently""
  ]
}
``` 
","{'review_content': ""I've had the Refrigerator recently, but for now, I can only recommend it."", 'golden_answer': {'product_category': 'Refrigirator', 'product_attributes': ['Refrigerator', 'recommend'], 'other_keywords': ['recently', 'recommend']}}",google/gemma-2-2b-it,25.0,20.0,0.948692798614502,0.125,34.0,34.0
"```json
{
  ""product_category"": ""Others"",
  ""product_attributes"": [
    ""architecture""
  ],
  ""other_keywords"": [
    ""great"",
    ""folding""
  ]
}
``` 
","{'review_content': 'The whole series of architecture is great, it makes an impression after folding.', 'golden_answer': {'product_category': 'The Blocks', 'product_attributes': ['series', 'architecture', 'great', 'impression', 'folding'], 'other_keywords': ['great', 'impression']}}",google/gemma-2-2b-it,72.0,42.0,0.8540024757385254,0.2727272727272727,31.0,31.0
"```json
{
        ""product_category"": ""The Blocks"",
        ""product_attributes"": [
            ""Great LEGO bricks""
        ],
        ""other_keywords"": [
            ""movable"",
            ""refined"",
            ""aesthetic""
        ]
}
``` 
","{'review_content': 'Great LEGO bricks. Many elements are movable, everything is refined and aesthetic. I really recommend it.', 'golden_answer': {'product_category': 'The Blocks', 'product_attributes': ['LEGO bricks', 'movable', 'refined', 'aesthetic', 'recommend'], 'other_keywords': ['movable', 'refined', 'aesthetic', 'recommend']}}",google/gemma-2-2b-it,82.0,50.0,0.9030929803848267,0.0,48.0,48.0
"```json
{
        ""product_category"": ""The Blocks"",
        ""product_attributes"": [
            ""Super set"",
            ""Super two models"",
            ""Large number of blocks"",
            ""Detail and mapping at the highest level""
        ],
        ""other_keywords"": [
            ""son is pleased""
        ]
}
``` 
","{'review_content': 'Super set with super two models. A large number of blocks. Detail and mapping at the highest level. The son is pleased.', 'golden_answer': {'product_category': 'The Blocks', 'product_attributes': ['set', 'models', 'large', 'blocks', 'detail', 'mapping', 'highest', 'pleased'], 'other_keywords': ['super', 'large', 'highest', 'pleased']}}",google/gemma-2-2b-it,100.0,58.0,0.8774703741073608,0.2222222222222222,72.0,72.0
"Based on the review, here is the JSON object that meets the specified schema:

```json
{
  ""product_category"": ""Electric bicycle"",
  ""product_attributes"": [
    ""battery"",
    ""driving""
  ],
  ""other_keywords"": [
    ""30 km/h"",
    ""60-70km"",
    ""calmly""
  ]
}
```

This JSON object includes the product category as ""Electric bicycle"", the product attributes as ""battery"" and ""driving"", and the other keywords as ""30 km/h"", ""60-70km"", and ""calmly"".","{'review_content': 'The main thing: on the battery itself, driving calmly, not exceeding 30 km/h, you can do 60-70km.', 'golden_answer': {'product_category': 'Electic bicycle', 'product_attributes': ['battery', 'calmly', '30 km/h', '60-70km'], 'other_keywords': ['battery', 'calmly']}}",meta-llama/Llama-3.2-3B-Instruct,,,,,,
"Here's the review in JSON format:

```json
{
  ""product_category"": ""Electric bicycle"",
  ""product_attributes"": [
    ""looks like in the pictures"",
    ""plus accessories"",
    ""first sensational ride"",
    ""feel the power"",
    ""battery range""
  ],
  ""other_keywords"": [
    ""Super contact"",
    ""bike"",
    ""power"",
    ""range"",
    ""battery"",
    ""ride""
  ]
}
```

Note that I've extracted the keywords from the review and included them in the `product_attributes` and `other_keywords` fields. However, I want to point out that ""battery range"" is not a keyword in the classical sense, but rather a feature of the product. If you'd like to exclude it, the JSON would be:

```json
{
  ""product_category"": ""Electric bicycle"",
  ""product_attributes"": [
    ""looks like in the pictures"",
    ""plus accessories"",
    ""first sensational ride"",
    ""feel the power""
  ],
  ""other_keywords"": [
    ""Super contact"",
    ""bike"",
    ""power"",
    ""range"",
    ""battery"",
    ""ride""
  ]
}
```","{'review_content': 'Super contact, the bike looks like in the pictures plus accessories, the first sensational ride, I do not yet know what range on the battery but you ride perfectly, feel the power.', 'golden_answer': {'product_category': 'Electic bicycle', 'product_attributes': ['contact', 'bike', 'pictures', 'accessories', 'sensational', 'ride', 'range', 'battery', 'ride', 'power'], 'other_keywords': ['battery', 'accessories', 'sensational', 'super', 'power']}}",meta-llama/Llama-3.2-3B-Instruct,,,,,,
"Based on the review, here is the JSON representation:

```json
{
  ""product_category"": ""Electric bicycle"",
  ""product_attributes"": [],
  ""other_keywords"": [""we'll"", ""see"", ""how"", ""it'll"", ""be"", ""okay""]
}
```

Here's a brief explanation of the choices made:

- Product category: The review explicitly mentions ""Electric bicycle"", so that is the chosen category.
- Product attributes: There are no specific attributes mentioned in the review, so an empty array is chosen.
- Other keywords: The review contains several phrases that are not necessarily attributes but convey the reviewer's sentiment, so these are chosen as other keywords.","{'review_content': ""The bike is great. We'll see how it works, but I think it'll be okay"", 'golden_answer': {'product_category': 'Electic bicycle', 'product_attributes': ['bike', 'great', 'works', 'okay'], 'other_keywords': ['great', 'okay']}}",meta-llama/Llama-3.2-3B-Instruct,,,,,,
"Here's the review in JSON format based on the given schema:

```json
{
  ""product_category"": ""Refrigirator"",
  ""product_attributes"": [""Super refrigerator"", ""works fruits and vegetables can fly much longer while keeping fresh""],
  ""other_keywords"": [""actually it works"", ""I recommend""]
}
```

This JSON object represents the review as per the given schema. It includes the product category as ""Refrigirator"", the product attributes as ""Super refrigerator"" and ""works fruits and vegetables can fly much longer while keeping fresh"", and the other keywords as ""actually it works"" and ""I recommend"".","{'review_content': 'Super refrigerator and actually it works fruits and vegetables can fly much longer while keeping fresh as it works in the description I recommend', 'golden_answer': {'product_category': 'Refrigirator', 'product_attributes': ['refrigerator', 'fruits', 'vegetables', 'fresh', 'description', 'recommend'], 'other_keywords': ['super', 'fresh', 'recommend']}}",meta-llama/Llama-3.2-3B-Instruct,,,,,,
"Based on the review, I will extract the information and format it into the specified JSON structure. Here's the result:

```json
{
  ""product_category"": ""Refrigirator"",
  ""product_attributes"": [
    ""capauous"",
    ""muted"",
    ""advertised"",
    ""Korean manufacturer"",
    ""legated""
  ],
  ""other_keywords"": [
    ""beats on the head"",
    ""super""
  ]
}
```

This JSON object includes the product category as ""Refrigirator"", the product attributes as ""capauous"", ""muted"", ""advertised"", ""Korean manufacturer"", and ""legated"", and the other keywords as ""beats on the head"" and ""super"".","{'review_content': 'Very capauous refrigerator, super muted advertised refrigerators of the legated Korean manufacturer beats on the head!', 'golden_answer': {'product_category': 'Refrigirator', 'product_attributes': ['refrigerator', 'capauous', 'muted', 'Korean'], 'other_keywords': ['capauous', 'muted', 'Korean']}}",meta-llama/Llama-3.2-3B-Instruct,,,,,,
"Here's a JSON object based on the review:

```json
{
    ""product_category"": ""Refrigirator"",
    ""product_attributes"": [],
    ""other_keywords"": [""recently""]
}
```

Here's a breakdown of the choices made:

- **product_category**: Since the review is about the Refrigerator, we've categorized it as a ""Refrigirator"".

- **product_attributes**: Since the review doesn't mention any specific features or attributes of the Refrigerator, we've left this field empty.

- **other_keywords**: The reviewer mentions that they've had the Refrigerator recently, so we've added ""recently"" to this list.","{'review_content': ""I've had the Refrigerator recently, but for now, I can only recommend it."", 'golden_answer': {'product_category': 'Refrigirator', 'product_attributes': ['Refrigerator', 'recommend'], 'other_keywords': ['recently', 'recommend']}}",meta-llama/Llama-3.2-3B-Instruct,,,,,,
"Based on the review, I can extract the following information:

- `product_category`: ""The Blocks""
- `product_attributes`: [""whole series"", ""of architecture"", ""makes an impression"", ""after folding""]
- `other_keywords`: [""great"", ""it"", ""impression"", ""after""]

Here's the extracted data in JSON format:

```json
{
  ""product_category"": ""The Blocks"",
  ""product_attributes"": [
    ""whole series"",
    ""of architecture"",
    ""makes an impression"",
    ""after folding""
  ],
  ""other_keywords"": [
    ""great"",
    ""it"",
    ""impression"",
    ""after""
  ]
}
```","{'review_content': 'The whole series of architecture is great, it makes an impression after folding.', 'golden_answer': {'product_category': 'The Blocks', 'product_attributes': ['series', 'architecture', 'great', 'impression', 'folding'], 'other_keywords': ['great', 'impression']}}",meta-llama/Llama-3.2-3B-Instruct,,,,,,
"Here's the review in JSON format based on the given schema:

```json
{
  ""product_category"": ""The Blocks"",
  ""product_attributes"": [
    ""Great"",
    ""LEGO"",
    ""bricks"",
    ""movable"",
    ""refined"",
    ""aesthetic""
  ],
  ""other_keywords"": [
    ""recommend"",
    ""really""
  ]
}
```

Here's a breakdown of the JSON structure and how it corresponds to the review:

- **product_category**: The category of the product, which is ""The Blocks"" in this case.
- **product_attributes**: The attributes or features of the product, which include ""Great"", ""LEGO"", ""bricks"", ""movable"", ""refined"", and ""aesthetic"". These words describe the product's quality and characteristics.
- **other_keywords**: Any other keywords or phrases that are relevant to the review, which include ""recommend"" and ""really"". These words convey the reviewer's sentiment and enthusiasm for the product.","{'review_content': 'Great LEGO bricks. Many elements are movable, everything is refined and aesthetic. I really recommend it.', 'golden_answer': {'product_category': 'The Blocks', 'product_attributes': ['LEGO bricks', 'movable', 'refined', 'aesthetic', 'recommend'], 'other_keywords': ['movable', 'refined', 'aesthetic', 'recommend']}}",meta-llama/Llama-3.2-3B-Instruct,,,,,,
"Here is the review in JSON format:

```json
{
    ""product_category"": ""The Blocks"",
    ""product_attributes"": [
        ""Super set"",
        ""Super two models"",
        ""Large number of blocks"",
        ""Detail and mapping at the highest level""
    ],
    ""other_keywords"": [
        ""son is pleased""
    ]
}
```

This JSON object represents the review, with the product category as ""The Blocks"", the attributes as ""Super set"", ""Super two models"", ""Large number of blocks"", and ""Detail and mapping at the highest level"", and the other keywords as ""son is pleased"".","{'review_content': 'Super set with super two models. A large number of blocks. Detail and mapping at the highest level. The son is pleased.', 'golden_answer': {'product_category': 'The Blocks', 'product_attributes': ['set', 'models', 'large', 'blocks', 'detail', 'mapping', 'highest', 'pleased'], 'other_keywords': ['super', 'large', 'highest', 'pleased']}}",meta-llama/Llama-3.2-3B-Instruct,,,,,,
